id,locationID,assigneeID,openDate,closeDate,status,title,additionalInfo,priority,requestDate
1,3,,2022-02-15,2022-02-15,1,titel,I need sanitatrion,1,2015-05-31
2,3,,2022-02-15,2022-02-15,1,titel,I need sanitatrion,1,2015-05-31
3,3,,2022-02-15,2022-02-15,1,titel,I need sanitatrion,1,2015-05-31
4,3,,2022-02-15,2022-02-15,1,titel,I need sanitatrion,1,2015-05-31
5,3,,2022-02-15,2022-02-15,1,titel,I need sanitatrion,1,2015-05-31
6,3,,2022-02-15,2022-02-15,1,titel,I need sanitatrion,1,2015-05-31
7,3,,2022-02-15,2022-02-15,1,titel,I need sanitatrion,1,2015-05-31
8,3,,2022-02-15,2022-02-15,1,titel,I need sanitatrion,1,2015-05-31
9,3,,2022-02-15,2022-02-15,1,titel,I need sanitatrion,1,2015-05-31
10,3,,2022-02-15,2022-02-15,1,titel,I need sanitatrion,1,2015-05-31
11,3,,2022-02-15,2022-02-15,1,titel,I need sanitatrion,1,2015-05-31
12,3,,2022-02-15,2022-02-15,1,titel,I need sanitatrion,1,2015-05-31
13,3,,2022-02-15,2022-02-15,1,titel,I need sanitatrion,1,2015-05-31
14,3,,2022-02-15,2022-02-15,1,titel,I need sanitatrion,1,2015-05-31
15,3,,2022-02-15,2022-02-15,1,titel,I need sanitatrion,1,2015-05-31
16,3,,2022-02-15,2022-02-15,1,titel,I need sanitatrion,1,2015-05-31
17,3,,2022-02-15,2022-02-15,1,titel,I need sanitatrion,1,2015-05-31
18,3,,2022-02-15,2022-02-15,1,titel,I need sanitatrion,1,2015-05-31
19,3,,2022-02-15,2022-02-15,1,titel,I need sanitatrion,1,2015-05-31
20,3,,2022-02-15,2022-02-15,1,titel,I need sanitatrion,1,2015-05-31
21,3,,2022-02-15,2022-02-15,1,titel,I need sanitatrion,1,2015-05-31
22,3,,2022-02-15,2022-02-15,1,titel,I need sanitatrion,1,2015-05-31
23,3,,2022-02-15,2022-02-15,1,titel,I need sanitatrion,1,2015-05-31
24,3,,2022-02-15,2022-02-15,1,titel,I need sanitatrion,1,2015-05-31
